,Department of Justice Criminal Charges,,,,,,,,,,,,,,,,,,,,,,,,
,Federal Charges,,,,,,,,,,,,,,,,,,,,,,,,
Title Code,Charge,Charge Description,Classification,Jail Time (Months),Fine ($),Charge,Charge Description,Classification,Jail Time (Months),Fine ($),Charge,Charge Description,Classification,Jail Time (Months),Fine ($),Charge,Charge Description,Classification,Jail Time (Months),Fine ($),Charge,Charge Description,Classification,Jail Time (Months),Fine ($)
,,,,,,,,,,,,,,,,,,,,,,,,,
§ 1111,First Degree Murder,"Knowingly and willfully causing the death of another with premeditation, or aiding and abetting in such a murder. (Flatbacking applicable)",Federal,70,"25,000",,,,,,,,,,,,,,,,,,,,
§ 1111-A	,Association: First Degree Murder,Criminal association or aiding in a murder plot or execution.,Federal,35,"12,500",,,,,,,,,,,,,,,,,,,,
§ 1114,Murder of a Public Servant or Peace Officer,Intentional killing of a government official during lawful duties.	,Federal,70,"30,000",,,,,,,,,,,,,,,,,,,,
§ 1114-A	,Attempted Murder of a Public Servant	,"Attempt to kill a public servant with clear intent, act incomplete.	",Federal,60,"20,000",,,,,,,,,,,,,,,,,,,,
§ 1114-B	,Association: Attempted Murder of a Public Servant	,Accomplice in an attempted murder of a public servant.	,Federal,30,"10,000",,,,,,,,,,,,,,,,,,,,
§ 1595	,Human Trafficking	,Coerced exploitation of individuals for labor or sexual acts.	,Federal,60,"25,000",,,,,,,,,,,,,,,,,,,,
§ 2332b,Terrorism,Acts or threats of violence meant to intimidate or influence government or civilians.	,Federal,120,"60,000",,,,,,,,,,,,,,,,,,,,
§ 1504,RICO Act,Engagement in or benefiting from an organized pattern of felony crimes.	,Federal,70,"25,000",,,,,,,,,,,,,,,,,,,,
§ 1504-A	,Association: RICO Activity	,Criminally associated with an enterprise engaged in racketeering.	,Federal,35,"12,500",,,,,,,,,,,,,,,,,,,,
§ 31	,Plane Heist	,Theft or hijacking of an aircraft or cargo through force or threat.	,Federal,65,"50,000",,,,,,,,,,,,,,,,,,,,
§ 2113	,Major Bank Robbery	,Armed or violent robbery of a financial institution.	,Federal,70,"30,000",,,,,,,,,,,,,,,,,,,,
§ 2113-A	,Association: Major Robbery	,Acting in concert with others to plan or execute a major robbery.	,Federal,35,"15,000",,,,,,,,,,,,,,,,,,,,
§ 401	,Contempt of Court (General),Disruption or disrespect interfering with court operations.	,Federal,15,"2,500",,,,,,,,,,,,,,,,,,,,
§ 401-A,Contempt of Court Order	,"Defying a specific, active court order or ruling.",Federal,30,"5,000",,,,,,,,,,,,,,,,,,,,
§ 401-B	,Aggravated Contempt	,Repeated violations or threats against the judiciary.	,Federal,35,"6,000",,,,,,,,,,,,,,,,,,,,
§ 1503	,Obstruction of Justice	,"Tampering with evidence, interfering with investigations or proceedings.	",Federal,40,"7,500",,,,,,,,,,,,,,,,,,,,
§ 912-A	,Impersonating a Judge	,Falsely acting as a judicial officer to issue rulings or orders.	,Federal,30,"6,000",,,,,,,,,,,,,,,,,,,,
§ 912-B	,Impersonating a Government Official	,Pretending to be a public official for influence or access.	,Federal,25,"4,000",,,,,,,,,,,,,,,,,,,,
§ 201	,Government Corruption / Malfeasance	,Misusing public office for personal gain or engaging in misconduct.	,Federal,60,"25,000",,,,,,,,,,,,,,,,,,,,
§ 2241	,Sexual Harassment	,Unwanted verbal or physical conduct of a sexual nature.	,Federal,30,"5,500",,,,,,,,,,,,,,,,,,,,
§ 2241-A	,Sexual Assault (Non-Penetrative)	,Non-consensual sexual contact including touching or coercion.	,Federal,999999,"200,000",,,,,,,,,,,,,,,,,,,,
§ 641        ,Theft of Government Property	,Unauthorized possession or destruction of government-owned property.,Federal,25,"2,000",,,,,,,,,,,,,,,,,,,,
§ 1512        ,Coercion,Forcing another to act unlawfully or against their will using threats.	,Federal,30,"6,000",,,,,,,,,,,,,,,,,,,,
§ 1919,Anarchism,Inciting or organizing unlawful attempts to undermine lawful governance.	,Federal,25,"25,000",,,,,,,,,,,,,,,,,,,,
,,,,,,,,,,,,,,,,,,,,,,,,,
,Felony Charges,,,,,,,,,,,,,,,,,,,,,,,,
,,,,,,,,,,,,,,,,,,,,,,,,,
 § 1001        ,False Reporting	,Knowingly providing false or misleading information to law enforcement or emergency services.	,Felony,35,"2,000",,,,,,,,,,,,,,,,,,,,
 § 1001-A        ,Association: False Reporting	,Participating in or encouraging false reporting to authorities.	,Felony,17,"1,000",,,,,,,,,,,,,,,,,,,,
§ 1501,Obstruction of a Public Official	,Willfully interfering with a public official’s lawful performance of duties.	,Felony,25,"5,000",,,,,,,,,,,,,,,,,,,,
§ 1501-A,Association: Obstruction of a Public Official	,Acting in concert to obstruct a public official’s duties.	,Felony,12,"2,500",,,,,,,,,,,,,,,,,,,,
§ 2101,Inciting a Riot,Intentionally encouraging or participating in acts that provoke public disorder or violence.,Felony,25,"2,500",,,,,,,,,,,,,,,,,,,,
2101-A,Association: Inciting a Riot,Collaborating or conspiring to incite or sustain riotous behavior.,Felony,12,"1,250",,,,,,,,,,,,,,,,,,,,
§ 1512,Tampering,"Deliberately interfering with evidence, machinery, or judicial processes to deceive or hinder justice.	",Felony,30,"5,000",,,,,,,,,,,,,,,,,,,,
§ 1512-A,Association: Tampering,Acting together to tamper with evidence or obstruct legal procedures.	,Felony,15,"2,500",,,,,,,,,,,,,,,,,,,,
N/A,Vigilantism,"Taking law enforcement into one’s own hands without authorization, acting as an extrajudicial enforcer.	",Felony,35,"1,500",,,,,,,,,,,,,,,,,,,,
N/A-A,Association: Vigilantism	,Participating with others in unauthorized law enforcement or violent self-justice.	,Felony,17,750,,,,,,,,,,,,,,,,,,,,
§ 2261A,Stalking,Repeated unwanted conduct or communication causing fear or distress.	,Felony,36,"5,000",,,,,,,,,,,,,,,,,,,,
 § 2261A-A	,Association: Stalking	,Collaborating in stalking or harassment campaigns against a victim.	,Felony,18,"2,500",,,,,,,,,,,,,,,,,,,,
§ 2,Aiding and Abetting	,"Assisting, facilitating, or encouraging the commission of a criminal offense.	",Felony,20,"5,000",,,,,,,,,,,,,,,,,,,,
§ 2-A,Association: Aiding and Abetting	,Acting with others to aid or abet criminal conduct.	,Felony,10,"2,500",,,,,,,,,,,,,,,,,,,,
§ 1028,Possession of Stolen Identification	,Possessing identification documents unlawfully with intent to defraud or evade law enforcement.	,Felony,10,"2,500",,,,,,,,,,,,,,,,,,,,
§ 1028-A,Association: Possession of Stolen Identification	,Participating in possession or use of stolen IDs for criminal purposes.	,Felony,5,"1,250",,,,,,,,,,,,,,,,,,,,
§ 113,Assault,Intentional act causing bodily injury or apprehension of harm to another person.	,Felony,30,"5,000",,,,,,,,,,,,,,,,,,,,
 § 113-A,Association: Assault,Coordinated participation in assaultive behavior.	,Felony,15,"2,500",,,,,,,,,,,,,,,,,,,,
 § 1201,Kidnapping,"Unlawful restraint, confinement, or transport of an individual against their will.	",Felony,30,"5,000",,,,,,,,,,,,,,,,,,,,
§ 1201-A,Association: Kidnapping	,Collaborating or conspiring to commit kidnapping.	,Felony,15,"2,500",,,,,,,,,,,,,,,,,,,,
,Trespassing with Intent to Commit a Crime	,Unauthorized entry on property with the purpose to commit an unlawful act.	,Felony,40,"2,500",,,,,,,,,,,,,,,,,,,,
,Association: Trespassing with Intent to Commit a Crime,Jointly planning or executing trespassing to commit crimes.        ,Felony,20,"1,250",,,,,,,,,,,,,,,,,,,,
§ 912,Impersonation,Falsely representing oneself as another to deceive or defraud.	,Felony,20,"2,500",,,,,,,,,,,,,,,,,,,,
§ 912-A,Association: Impersonation	,Collaborative impersonation or aiding in deceptive identity misrepresentation.	,Felony,10,"1,250",,,,,,,,,,,,,,,,,,,,
§ 1341,Fraud,Intentional deception to obtain unlawful financial or personal gain.	,Felony,15,"2,500",,,,,,,,,,,,,,,,,,,,
§ 1341-A,Association: Fraud	,Coordinated efforts to perpetrate fraudulent schemes.	,Felony,7,"1,250",,,,,,,,,,,,,,,,,,,,
§ 113,Aggravated Assault	,Assault involving use of a deadly weapon or causing serious bodily harm.	,Felony,50,"6,000",,,,,,,,,,,,,,,,,,,,
§ 113-A,Association: Aggravated Assault	,Acting together to carry out assault with a deadly weapon or serious injury.	,Felony,25,"3,000",,,,,,,,,,,,,,,,,,,,
§ 371,Conspiracy,Agreement between two or more persons to commit a criminal offense.	,Felony,35,"4,000",,,,,,,,,,,,,,,,,,,,
§ 371-A,Association: Conspiracy	,Participation in planning or facilitating conspiratorial criminal acts.	,Felony,17,"2,000",,,,,,,,,,,,,,,,,,,,
§ 912,Impersonating a Police Officer	,Falsely presenting oneself as law enforcement to gain advantage or intimidate.	,Felony,40,"10,000",,,,,,,,,,,,,,,,,,,,
§ 912-A,Association: Impersonating a Police Officer	,Assisting or collaborating in false police impersonation.        ,Felony,20,"5,000",,,,,,,,,,,,,,,,,,,,
 § 1956,Money Laundering,Concealing the origins of illegally obtained funds through transfers or shell companies.	,Felony,45,"15,000",,,,,,,,,,,,,,,,,,,,
§ 1956-A,Association: Money Laundering	,Participation in laundering proceeds of crime with others.	,Felony,22,"7,500",,,,,,,,,,,,,,,,,,,,
§ 1385,Trespassing on Government Property	,Unauthorized entry or presence on government-controlled land or facilities.	,Felony,25,"1,500",,,,,,,,,,,,,,,,,,,,
§ 1385-A,Association: Trespassing on Government Property	,Acting jointly to unlawfully enter or remain on government premises.	,Felony,12,750,,,,,,,,,,,,,,,,,,,,
§ 1112,Involuntary Manslaughter	,Causing death through reckless or negligent conduct without intent.	,Felony,35,"5,000",,,,,,,,,,,,,,,,,,,,
§ 1112-A,Association: Involuntary Manslaughter	,Assisting or facilitating reckless conduct resulting in death.	,Felony,17,"2,500",,,,,,,,,,,,,,,,,,,,
,Vehicular Manslaughter,Causing death through negligent or reckless operation of a vehicle.	,Felony,50,"6,000",,,,,,,,,,,,,,,,,,,,
,Association: Vehicular Manslaughter	,Acting with others in conduct leading to death by vehicle.	,Felony,25,"3,000",,,,,,,,,,,,,,,,,,,,
§ 3,Accessory to Second Degree Murder	,"Assisting or facilitating a second-degree murder, before or after the fact.	",Felony,45,"7,000",,,,,,,,,,,,,,,,,,,,
 § 3-A,Association: Accessory to Second Degree Murder	,Participation in aiding or abetting second-degree murder.	,Felony,22,"3,500",,,,,,,,,,,,,,,,,,,,
 § 2118,Warehouse Heist	,Organized robbery targeting warehouses with high-value goods.,Felony,75,"25,000",,,,,,,,,,,,,,,,,,,,
§ 2118-A,Association: Warehouse Heist,Acting jointly in the planning or execution of a warehouse robbery.	,Felony,37,"12,500",,,,,,,,,,,,,,,,,,,,
§ 2113,Store Robbery	,Using force or threat to steal from commercial establishments.	,Felony,60,"15,000",,,,,,,,,,,,,,,,,,,,
§ 2113-A,Association: Store Robbery	,Conspiring or participating in store robbery with others.	,Felony,30,"7,500",,,,,,,,,,,,,,,,,,,,
,Harassment,"Repeated behavior intended to alarm, annoy, torment, or terrorize another individual.	",Felony,15,"2,500",,,,,,,,,,,,,,,,,,,,
,Association: Harassment	,	Coordinated efforts to harass or intimidate a victim.,Felony,7,"1,250",,,,,,,,,,,,,,,,,,,,
§ 1113,Attempted Second Degree Murder	,Deliberate attempt to kill without premeditation where victim survives.	,Felony,50,"5,000",,,,,,,,,,,,,,,,,,,,
§ 1113-A,Association: Attempted Second Degree Murder	,Participating in attempt to kill without premeditation.	,Felony,25,"2,500",,,,,,,,,,,,,,,,,,,,
§ 2315,Possession of Stolen Property	,Holding or concealing property known to be stolen.	,Felony,25,"3,500",,,,,,,,,,,,,,,,,,,,
§ 2315-A,Association: Possession of Stolen Property	,Acting jointly in possession or concealment of stolen property.,Felony,12,"1,750",,,,,,,,,,,,,,,,,,,,
§ 2313,Possession of a Stolen Vehicle	,Operating or possessing a vehicle known to be stolen.	,Felony,30,"5,000",,,,,,,,,,,,,,,,,,,,
§ 2313-A,Association: Possession of a Stolen Vehicle	,Participating in possession or use of stolen vehicles.	,Felony,15,"2,500",,,,,,,,,,,,,,,,,,,,
 § 1341,Attempted Fraud	,Attempting to deceive for financial or personal gain.	,Felony,25,"3,000",,,,,,,,,,,,,,,,,,,,
§ 1341-A,Association: Attempted Fraud	,Collaborating in attempts to defraud others.	,Felony,12,"1,500",,,,,,,,,,,,,,,,,,,,
,	Misappropriation of Lost Property,Retaining lost property without reasonable effort to return it.	,Felony,25,"2,500",,,,,,,,,,,,,,,,,,,,
,Association: Misappropriation of Lost Property,Acting together in misappropriation or concealment of lost property.	,Felony,12,"1,250",,,,,,,,,,,,,,,,,,,,
§ 873,Extortion,Forcing someone to act against their will through threats or coercion.,Felony,35,"7,000",,,,,,,,,,,,,,,,,,,,
§ 873-A,Association: Extortion,Acting jointly to coerce or threaten for unlawful gain.,Felony,17,"3,500",,,,,,,,,,,,,,,,,,,,
Varies by Statute	,Grand Theft Auto,Unlawful taking of a motor vehicle with intent to permanently deprive owner.,Felony,30,"5,500",,,,,,,,,,,,,,,,,,,,
Varies by Statute	,Association: Grand Theft Auto	,Collaborating in motor vehicle theft or possession.	,Felony,15,"2,750","2,750",,,,,,,,,,,,,,,,,,,
Varies by Statute	,Attempted Extortion,Attempting to coerce or threaten another for gain.,Felony,25,"4,000",,,,,,,,,,,,,,,,,,,,
Varies by Statute	,Association: Attempted Extortion,Participating in attempts to extort or threaten others.,Felony,12,"2,000",,,,,,,,,,,,,,,,,,,,
Varies by Statute	,Criminal Threats,Threatening serious bodily harm to instill fear.,Felony,28,"4,500",,,,,,,,,,,,,,,,,,,,
Varies by Statute	,Association: Criminal Threats,Acting in concert to issue criminal threats.,Felony,14,"2,250",,,,,,,,,,,,,,,,,,,,
§ 922(g)(1),Felon in Possession of a Firearm,Convicted felon unlawfully found in possession of a firearm.,Felony,35,"7,500",,,,,,,,,,,,,,,,,,,,
§ 922(g)(1)-A,Association: Felon in Possession of a Firearm,Assisting or enabling possession of firearms by felons.,Felony,17,"3,750",,,,,,,,,,,,,,,,,,,,
§ 751,Escape from Custody,Unlawful departure from lawful detention or arrest.,Felony,32,"6,000",,,,,,,,,,,,,,,,,,,,
§ 751-A,Association: Escape from Custody,Collaborating to aid escape or evade custody.,Felony,16,"3,000",,,,,,,,,,,,,,,,,,,,
Varies by Statute	,Assault on a Peace Officer,Physically attacking or threatening a law enforcement officer.,Felony,35,"6,500",,,,,,,,,,,,,,,,,,,,
Varies by Statute	,Association: Assault on a Peace Officer,Participating in attacks or threats against peace officers.,Felony,17,"3,250",,,,,,,,,,,,,,,,,,,,
§ 844,Schedule I Substance Possession,"Possession of highly dangerous, illegal drugs such as heroin or LSD.",Felony,35,"6,500",,,,,,,,,,,,,,,,,,,,
§ 844-A,Association: Schedule I Substance Possession,Assisting or conspiring to possess Schedule I controlled substances.,Felony,17,"3,250",,,,,,,,,,,,,,,,,,,,
§ 844,Schedule II Substance Possession,Possession of high potential abuse drugs such as cocaine or methamphetamine.,Felony,30,"5,500",,,,,,,,,,,,,,,,,,,,
§ 844-A,Association: Schedule II Substance Possession,Participation in possession or distribution of Schedule II substances.,Felony,15,"2,750",,,,,,,,,,,,,,,,,,,,
§ 844,Schedule III Substance Possession,Possession of moderate-risk controlled substances.,Felony,28,"4,500",,,,,,,,,,,,,,,,,,,,
§ 844-A,Association: Schedule III Substance Possession,Collaboration in possession or trafficking of Schedule III substances.,Felony,14,"2,250",,,,,,,,,,,,,,,,,,,,
§ 844,Schedule IV Substance Possession,Possession of lower-risk substances such as Xanax.,Felony,25,"3,500",,,,,,,,,,,,,,,,,,,,
§ 844-A,Association: Schedule IV Substance Possession,Participation in possession or trafficking of Schedule IV substances.,Felony,12,"1,750",,,,,,,,,,,,,,,,,,,,
Varies by Statute	,Negligent Discharge of a Firearm,Careless firing of a weapon endangering others.,Felony,25,"4,000",,,,,,,,,,,,,,,,,,,,
Varies by Statute	,Association: Negligent Discharge of a Firearm,Acting with others in negligent firearm discharge.,Felony,12,"2,000",,,,,,,,,,,,,,,,,,,,
Varies by Statute	,Gang-Related Shooting,Discharging a firearm as part of gang activity.,Felony,35,"10,000",,,,,,,,,,,,,,,,,,,,
Varies by Statute	,Association: Gang-Related Shooting,Participating in gang-related firearm offenses.,Felony,17,"5,000",,,,,,,,,,,,,,,,,,,,
Varies by Statute	,Animal Cruelty,Intentional infliction of harm or neglect on an animal without justification.,Felony,25,"5,000",,,,,,,,,,,,,,,,,,,,
Varies by Statute	,Association: Animal Cruelty,Collaborative cruelty or neglect of animals.,Felony,12,"2,500",,,,,,,,,,,,,,,,,,,,
Varies by Statute	,Resisting Without Violence,Non-violent refusal to obey lawful police orders.,Felony,25,"4,000",,,,,,,,,,,,,,,,,,,,
Varies by Statute	,Association: Resisting Without Violence,Joint refusal or obstruction of law enforcement without violence.,Felony,12,"2,000",,,,,,,,,,,,,,,,,,,,
Varies by Statute	,Resisting With Violence,Physical resistance or assault against law enforcement during arrest or detention.,Felony,30,"5,500",,,,,,,,,,,,,,,,,,,,
Varies by Statute	,Association: Resisting With Violence,Acting in concert to resist arrest or law enforcement violently.,Felony,15,"2,750",,,,,,,,,,,,,,,,,,,,
§ 2115,House Robbery,Forcible robbery of a residence targeting valuable property.,Felony,20,"4,000",,,,,,,,,,,,,,,,,,,,
§ 2115-A,Association: House Robbery,Participation in planning or committing house robbery.,Felony,10,"2,000",,,,,,,,,,,,,,,,,,,,
§ 751,Failure to Comply,Knowingly ignoring lawful police commands such as fleeing or resisting arrest dangerously.,Felony,15,"2,500",,,,,,,,,,,,,,,,,,,,
§ 751-A,Association: Failure to Comply,Collaborating in evasion or resistance of lawful orders.,Felony,7,"1,250",,,,,,,,,,,,,,,,,,,,
§ 416,Felony Destruction of Property,"Intentional or reckless destruction of property exceeding a value threshold (usually $5,000).",Felony,30,"10,000",,,,,,,,,,,,,,,,,,,,
§ 416-A,Association: Felony Destruction of Property,Joint involvement in property destruction offenses.,Felony,15,"5,000",,,,,,,,,,,,,,,,,,,,
 § 601,Arson,"The willful and malicious act of setting fire to or causing the burning of any property, vehicle, structure, or land. This includes actions intended to damage, destroy, or endanger life or property through the use of fire or incendiary devices. Arson may be committed for purposes such as insurance fraud, retaliation, intimidation, or vandalism, and includes both successful and attempted acts.",Felony,35,"15,000",,,,,,,,,,,,,,,,,,,,
,,,,,,,,,,,,,,,,,,,,,,,,,
, Serious Felony Charges,,,,,,,,,,,,,,,,,,,,,,,,
§ 1113,Attempted Murder of a Civilian,"The deliberate and unlawful attempt to kill another civilian without legal justification, where the attempt fails but the intent to cause death is evident.",Serious Felony,45,"8,000",,,,,,,,,,,,,,,,,,,,
§ 3113,Association with Attempted Murder of a Civilian,"Knowingly aiding, abetting, conspiring, or being an accessory to an attempted murder, without directly committing the act.",Serious Felony,22,"4,000",,,,,,,,,,,,,,,,,,,,
§ 1111,Second Degree Murder,"An intentional killing carried out without premeditation, often occurring impulsively but with an awareness the act could result in death.",Serious Felony,55,"8,500",,,,,,,,,,,,,,,,,,,,
§ 3111,Association with Second Degree Murder,"Knowingly participating in or facilitating a second-degree murder without directly executing the act, including prior assistance or post-offense concealment.",Serious Felony,27,"4,250",,,,,,,,,,,,,,,,,,,,
§ 3,Accessory to the Murder of a Public Servant,"Aiding, abetting, or facilitating the murder of a public servant without directly committing the act, with intent to assist.",Serious Felony,40,"6,500",,,,,,,,,,,,,,,,,,,,
§ 2113,Fleeca Bank Heist,"A planned, forceful robbery of a Fleeca Bank branch, often involving weapons or intimidation to steal money or valuables.",Serious Felony,40,"10,000",,,,,,,,,,,,,,,,,,,,
§ 3113,Association with Fleeca Bank Heist,"Knowingly participating in or facilitating a Fleeca Bank Heist without directly executing the robbery (e.g., planning, transport, lookout).",Serious Felony,20,"$5,000",,,,,,,,,,,,,,,,,,,,
§ 2113,Armed Robbery,The unlawful taking of property or funds from a person or entity using or threatening a weapon to intimidate or coerce.,Serious Felony,40,"$8,000",,,,,,,,,,,,,,,,,,,,
§ 3114,Association with Armed Robbery,"Assisting in the planning, execution, or concealment of an armed robbery, including roles such as driver, lookout, or supplier.",Serious Felony,20,"$4,000",,,,,,,,,,,,,,,,,,,,
,,,,,,,,,,,,,,,,,,,,,,,,,
, Misdemeanor Charges,,,,,,,,,,,,,,,,,,,,,,,,
Varies by Statute,,"The intentional or reckless act of causing minor physical harm or offensive contact to another person without a deadly weapon, such as pushing, slapping, or light punches.",Misdemeanor,25,"1,500",,,,,,,,,,,,,,,,,,,,
§ 113,Assault,"The deliberate infliction or attempted infliction of moderate physical harm, which may involve repeated blows, blunt objects, or actions resulting in notable pain or distress.",Misdemeanor,25,"$5,000",,,,,,,,,,,,,,,,,,,,
Varies by Statute	,Evading,"Willfully fleeing or attempting to elude law enforcement during a lawful stop or pursuit, whether on foot or in a vehicle.",Misdemeanor,25,"$4,000",,,,,,,,,,,,,,,,,,,,
Varies by Statute	,Disobeying a Police Officer,"Refusing to comply with a lawful order or command issued by a peace officer in the line of duty, excluding acts of fleeing or resisting arrest.",Misdemeanor,25,"$1,000",,,,,,,,,,,,,,,,,,,,
Varies by Statute	,Harassment,"Repeated, unwanted behavior or communication directed at another person with the intent to intimidate, annoy, or provoke emotional distress.",Misdemeanor,25,"$1,000",,,,,,,,,,,,,,,,,,,,
Varies by Statute	,Prostitution,"Engaging in, offering, or soliciting sexual acts in exchange for money, services, or goods; applies to both buyers and sellers.",Misdemeanor,25,$500,,,,,,,,,,,,,,,,,,,,
Varies by Statute	,Disorderly Conduct,"Disruptive behavior in public that disturbs peace or provokes alarm, including public intoxication, aggressive arguments, or offensive gestures.",Misdemeanor,25,$750,,,,,,,,,,,,,,,,,,,,
Varies by Statute	,Failure to Provide Identification,"Refusing or failing to present lawful identification when required by law enforcement during an official stop, detention, or lawful arrest.",Misdemeanor,25,$800,,,,,,,,,,,,,,,,,,,,
Varies by Statute	,Resisting Arrest,"Actively opposing or interfering with a lawful arrest through physical struggle, obstruction, or verbal refusal, excluding fleeing or violence.",Misdemeanor,25,"$1,500",,,,,,,,,,,,,,,,,,,,
Varies by Statute	,Disturbing the Peace,"Engaging in loud, aggressive, or disruptive behavior in a public space, such as fighting, yelling, or causing undue alarm to the public.",Misdemeanor,25,$500,,,,,,,,,,,,,,,,,,,,
Varies by Statute	,Criminal Trespassing,"Entering or remaining unlawfully on private or restricted property, including fenced areas or posted zones, without authorization.",Misdemeanor,25,"$1,000",,,,,,,,,,,,,,,,,,,,
Varies by Statute	,Public Urination,"Urinating in a public area within view of others, violating public decency and sanitation laws.",Misdemeanor,15,"$3,000",,,,,,,,,,,,,,,,,,,,
Varies by Statute	,Public Defecation,"Defecating in a public area in view of others, constituting a public nuisance and health hazard.",Misdemeanor,15,"$3,000",,,,,,,,,,,,,,,,,,,,
Varies by Statute	,Attempted Grand Theft Auto,"Taking substantial steps toward unlawfully stealing a vehicle with intent to permanently deprive the owner, though the theft was not completed.",Misdemeanor,15,"$2,500",,,,,,,,,,,,,,,,,,,,
Varies by Statute	,Vandalism,"Intentional defacement, damage, or destruction of property—public or private—including graffiti and tagging, not exceeding a felony threshold.",Misdemeanor,10,"2,500",,,,,,,,,,,,,,,,,,,,
,,,,,,,,,,,,,,,,,,,,,,,,,
,,,,,,,,,,,,,,,,,,,,,,,,,
, Weapon Related Charges,,,,,,,,,,,,,,,,,,,,,,,,
,,,,,,,,,,,,,,,,,,,,,,,,,
"S.A.C. § 922(g)
",Illegal Possession of a Firearm,"Possessing a firearm without the proper licensing, registration, or legal authorization.",Felony,25,"$4,500",,,,,,,,,,,,,,,,,,,,
"Varies by specific statute
",Brandishing,"Displaying a firearm in a threatening, careless, or intimidating manner without justification.",Misdemeanor,20,"$3,000",,,,,,,,,,,,,,,,,,,,
"S.A.C. § 922
",Possession of Illegal Weapon Attachments,"Possessing or modifying a firearm with attachments that are banned, such as suppressors, extended mags, or illegal scopes.",Felony,30,"$5,000",,,,,,,,,,,,,,,,,,,,
Varies by specific statute,Illegal Discharge of a Firearm,"Firing a weapon in public or unauthorized areas without lawful cause, not aimed to harm but still dangerous.",Misdemeanor,20,"$3,500",,,,,,,,,,,,,,,,,,,,
"S.A.C. § 641
",Possession of Government-Issued Equipment or Weapons,"Unauthorized possession of weapons, gear, or tools that are exclusive to law enforcement, military, or government agencies.",Serious Felony,40,"$6,500",,,,,,,,,,,,,,,,,,,,
Varies by specific statute,Illegal Possession of a Weapon (Class 2),"Possession of a restricted mid-grade weapon (e.g., SMGs or tactical rifles) without the appropriate license or role.",Felony,35,"$5,500",,,,,,,,,,,,,,,,,,,,
Varies by specific statute,Illegal Possession of a Weapon (Class 3),"Possession of high-grade military or automatic weapons with no authorization — includes LMGs, RPGs, or explosives.",Federal,45,"$7,500",,,,,,,,,,,,,,,,,,,,
,,,,, ,,,,,,,,,,,,,,,,,,,,
, Drug Related Charges,,,,,,,,,,,,,,,,,,,,,,,,
,,,,,,,,,,,,,,,,,,,,,,,,,
"S.A.C. § 844
",Misdemeanor Possession of Marijuana,Possessing a small personal-use quantity of marijuana without proper licensing or in a restricted area.,Misdemeanor,10,"$1,500",,,,,,,,,,,,,,,,,,,,
S.A.C. § 841,Cultivation of Marijuana (A),"Growing marijuana plants without a permit, limited in scale (personal use or small operation).",Felony,25,"$4,000",,,,,,,,,,,,,,,,,,,,
S.A.C. § 841,Cultivation of Marijuana (B),"Large-scale or commercial marijuana grow operation without authorization, often exceeding legal plant limits.",Serious Felony,40,"$6,000",,,,,,,,,,,,,,,,,,,,
S.A.C. § 841,Possession of Marijuana with Intent to Distribute,Holding quantities of marijuana clearly packaged or prepared for distribution or sale to others.,Felony,35,"$5,500",,,,,,,,,,,,,,,,,,,,
"S.A.C. § 844
",Possession of a Controlled Substance,"Possessing illegal drugs such as cocaine, heroin, meth, or prescription narcotics without a prescription.",Felony,30,"$5,000",,,,,,,,,,,,,,,,,,,,
S.A.C. § 841,Possession of a Controlled Substance with Intent to Distribute,Possessing large quantities of illegal drugs or paraphernalia clearly intended for sale or trafficking.,Serious Felony,45,"$7,500",,,,,,,,,,,,,,,,,,,,
S.A.C. § 841,Drug Trafficking,"Transporting, distributing, or importing illegal narcotics on a regional or national level — high-scale operation.",Serious Felony,60,"$3,000",,,,,,,,,,,,,,,,,,,,
S.A.C. § 3101	,Possession of Cocaine        ,"The suspect was found in possession of processed cocaine, with no regard to intent. (5 or more bags)	",Serious Felony,15,"$10,000",,,,,,,,,,,,,,,,,,,,
S.A.C. § 3102	,Possession of Cocaine (Large Quantity)	,The suspect was found in possession of a substantial quantity of processed cocaine. (50 or more bags)	,Serious Felony,36,"$7,500",,,,,,,,,,,,,,,,,,,,
S.A.C. § 3103,Possession with Intent to Distribute,"The suspect was found in possession of cocaine in a quantity indicative of distribution, during a known drug sale incident. (10 or more bags)	",Serious Felony,30,"$6,000",,,,,,,,,,,,,,,,,,,,
S.A.C. § 3104,Possession with Intent to Distribute (Large Quantity)	,"The suspect was found with a significant quantity of cocaine during a drug sale incident, clearly intended for distribution. (50 or more bags)	",Serious Felony,45,"$10,000",,,,,,,,,,,,,,,,,,,,
S.A.C. § 3105,Manufacturing of Cocaine	,"The suspect was actively producing cocaine in known manufacturing zones, such as Cuba, Madagascar, or Horseshoe Island.	",Serious Felony,$60,"$15,000",,,,,,,,,,,,,,,,,,,,
S.A.C. § 3106,Possession of Cocaine Manufacturing Materials        ,"The suspect was found in possession of materials commonly used in the production of cocaine, in a context indicating potential manufacturing activity.	",Serious Felony,20,"$4,500",,,,,,,,,,,,,,,,,,,,
S.A.C. § 3107,Drug Trafficking – Cocaine	,"The suspect was involved in the transportation or smuggling of large quantities of cocaine, typically via maritime or aerial routes. (100 or more bags)	",Serious Felony,75,"$20,000",,,,,,,,,,,,,,,,,,,,
,,,,,,,,,,,,,,,,,,,,,,,,,
,,,,,,,,,,,,,,,,,,,,,,,,,
,Citations,,,,,,,,,,,,,,,,,,,,,,,,
,,,,,,,,,,,,,,,,,,,,,,,,,
,Loitering on Government Property,"Remaining on or near government buildings, facilities, or restricted zones without a lawful purpose or after being asked to leave.",Citation,5,$750,,,,,,,,,,,,,,,,,,,,
,Jaywalking,"Crossing a street outside of a designated crosswalk or against a traffic signal, creating a public safety concern.",Citation,0,$500,,,,,,,,,,,,,,,,,,,,